model,fpr,tpr,auc
LogisticRegression,0.0,0.0,1.0
LogisticRegression,0.0,0.039349112426035504,1.0
LogisticRegression,0.0,0.11775147928994083,1.0
LogisticRegression,0.0,0.19733727810650886,1.0
LogisticRegression,0.0,0.2828402366863905,1.0
LogisticRegression,0.0,0.36538461538461536,1.0
LogisticRegression,0.0,0.40473372781065087,1.0
LogisticRegression,0.0,0.48431952662721894,1.0
LogisticRegression,0.0,0.570414201183432,1.0
LogisticRegression,0.0,0.6476331360946745,1.0
LogisticRegression,0.0,0.6816568047337278,1.0
LogisticRegression,0.0,0.7624260355029586,1.0
LogisticRegression,0.0,0.8449704142011835,1.0
LogisticRegression,0.0,0.8807692307692307,1.0
LogisticRegression,0.0,0.9609467455621302,1.0
LogisticRegression,0.0,1.0,1.0
LogisticRegression,0.03617231173955936,1.0,1.0
LogisticRegression,0.12035514633344295,1.0,1.0
LogisticRegression,0.20519565932259126,1.0,1.0
LogisticRegression,0.282144031568563,1.0,1.0
LogisticRegression,0.31963170009865177,1.0,1.0
LogisticRegression,0.3965800723446235,1.0,1.0
LogisticRegression,0.43571193686287407,1.0,1.0
LogisticRegression,0.5133179875041105,1.0,1.0
LogisticRegression,0.5938835909240382,1.0,1.0
LogisticRegression,0.6317000986517592,1.0,1.0
LogisticRegression,0.7007563301545544,1.0,1.0
LogisticRegression,0.7809930943768497,1.0,1.0
LogisticRegression,0.8638605721802038,1.0,1.0
LogisticRegression,0.9569220651101611,1.0,1.0
LogisticRegression,1.0,1.0,1.0
LinearSVC,0.0,0.0,1.0
LinearSVC,0.0,0.0002958579881656805,1.0
LinearSVC,0.0,0.47928994082840237,1.0
LinearSVC,0.0,0.4798816568047337,1.0
LinearSVC,0.0,0.6363905325443787,1.0
LinearSVC,0.0,0.6369822485207101,1.0
LinearSVC,0.0,0.744378698224852,1.0
LinearSVC,0.0,0.7449704142011835,1.0
LinearSVC,0.0,0.8795857988165681,1.0
LinearSVC,0.0,0.8801775147928994,1.0
LinearSVC,0.0,0.900887573964497,1.0
LinearSVC,0.0,0.9014792899408284,1.0
LinearSVC,0.0,0.9100591715976332,1.0
LinearSVC,0.0,0.9106508875739645,1.0
LinearSVC,0.0,1.0,1.0
LinearSVC,0.15850049325879645,1.0,1.0
LinearSVC,0.15915817165406115,1.0,1.0
LinearSVC,0.4718842486024334,1.0,1.0
LinearSVC,0.47254192699769815,1.0,1.0
LinearSVC,1.0,1.0,1.0
RandomForest,0.0,0.0,1.0
RandomForest,0.0,0.0002958579881656805,1.0
RandomForest,0.0,0.000591715976331361,1.0
RandomForest,0.0,0.001183431952662722,1.0
RandomForest,0.0,0.0035502958579881655,1.0
RandomForest,0.0,0.005621301775147929,1.0
RandomForest,0.0,0.00621301775147929,1.0
RandomForest,0.0,0.0073964497041420114,1.0
RandomForest,0.0,0.007988165680473372,1.0
RandomForest,0.0,0.008284023668639054,1.0
RandomForest,0.0,0.009171597633136094,1.0
RandomForest,0.0,0.010355029585798817,1.0
RandomForest,0.0,0.011242603550295858,1.0
RandomForest,0.0,0.01272189349112426,1.0
RandomForest,0.0,0.013609467455621301,1.0
RandomForest,0.0,0.014201183431952662,1.0
RandomForest,0.0,0.014497041420118343,1.0
RandomForest,0.0,0.015088757396449704,1.0
RandomForest,0.0,0.015384615384615385,1.0
RandomForest,0.0,0.015976331360946745,1.0
RandomForest,0.0,0.01804733727810651,1.0
RandomForest,0.0,0.01863905325443787,1.0
RandomForest,0.0,0.01952662721893491,1.0
RandomForest,0.0,0.01982248520710059,1.0
RandomForest,0.0,0.020710059171597635,1.0
RandomForest,0.0,0.021005917159763313,1.0
RandomForest,0.0,0.022485207100591716,1.0
RandomForest,0.0,0.023076923076923078,1.0
RandomForest,0.0,0.023372781065088756,1.0
RandomForest,0.0,0.02396449704142012,1.0
RandomForest,0.0,0.02603550295857988,1.0
RandomForest,0.0,0.026627218934911243,1.0
RandomForest,0.0,0.027218934911242602,1.0
RandomForest,0.0,0.027810650887573965,1.0
RandomForest,0.0,0.028994082840236687,1.0
RandomForest,0.0,0.03254437869822485,1.0
RandomForest,0.0,0.03284023668639053,1.0
RandomForest,0.0,0.03698224852071006,1.0
RandomForest,0.0,0.0378698224852071,1.0
RandomForest,0.0,0.03816568047337278,1.0
RandomForest,0.0,0.03875739644970414,1.0
RandomForest,0.0,0.03905325443786982,1.0
RandomForest,0.0,0.03964497041420118,1.0
RandomForest,0.0,0.04082840236686391,1.0
RandomForest,0.0,0.04171597633136095,1.0
RandomForest,0.0,0.042011834319526625,1.0
RandomForest,0.0,0.042899408284023666,1.0
RandomForest,0.0,0.04349112426035503,1.0
RandomForest,0.0,0.04437869822485207,1.0
RandomForest,0.0,0.04497041420118343,1.0
RandomForest,0.0,0.04585798816568047,1.0
RandomForest,0.0,0.04763313609467456,1.0
RandomForest,0.0,0.04881656804733728,1.0
RandomForest,0.0,0.05,1.0
RandomForest,0.0,0.05088757396449704,1.0
RandomForest,0.0,0.05118343195266272,1.0
RandomForest,0.0,0.053550295857988164,1.0
RandomForest,0.0,0.054437869822485205,1.0
RandomForest,0.0,0.055325443786982245,1.0
RandomForest,0.0,0.05562130177514793,1.0
RandomForest,0.0,0.05739644970414201,1.0
RandomForest,0.0,0.05828402366863905,1.0
RandomForest,0.0,0.058579881656804736,1.0
RandomForest,0.0,0.05917159763313609,1.0
RandomForest,0.0,0.06094674556213018,1.0
RandomForest,0.0,0.06124260355029586,1.0
RandomForest,0.0,0.06272189349112427,1.0
RandomForest,0.0,0.06390532544378698,1.0
RandomForest,0.0,0.06479289940828402,1.0
RandomForest,0.0,0.0650887573964497,1.0
RandomForest,0.0,0.06597633136094674,1.0
RandomForest,0.0,0.06686390532544378,1.0
RandomForest,0.0,0.06893491124260355,1.0
RandomForest,0.0,0.0695266272189349,1.0
RandomForest,0.0,0.07071005917159763,1.0
RandomForest,0.0,0.07218934911242604,1.0
RandomForest,0.0,0.0727810650887574,1.0
RandomForest,0.0,0.07366863905325444,1.0
RandomForest,0.0,0.07396449704142012,1.0
RandomForest,0.0,0.07455621301775148,1.0
RandomForest,0.0,0.07869822485207101,1.0
RandomForest,0.0,0.07928994082840236,1.0
RandomForest,0.0,0.08254437869822485,1.0
RandomForest,0.0,0.08609467455621302,1.0
RandomForest,0.0,0.0863905325443787,1.0
RandomForest,0.0,0.08757396449704143,1.0
RandomForest,0.0,0.08816568047337278,1.0
RandomForest,0.0,0.08875739644970414,1.0
RandomForest,0.0,0.09053254437869822,1.0
RandomForest,0.0,0.09112426035502959,1.0
RandomForest,0.0,0.09142011834319527,1.0
RandomForest,0.0,0.0940828402366864,1.0
RandomForest,0.0,0.09437869822485206,1.0
RandomForest,0.0,0.09644970414201183,1.0
RandomForest,0.0,0.09674556213017751,1.0
RandomForest,0.0,0.09911242603550297,1.0
RandomForest,0.0,0.09970414201183432,1.0
RandomForest,0.0,0.10059171597633136,1.0
RandomForest,0.0,0.1014792899408284,1.0
RandomForest,0.0,0.10621301775147929,1.0
RandomForest,0.0,0.10680473372781064,1.0
RandomForest,0.0,0.10857988165680474,1.0
RandomForest,0.0,0.1091715976331361,1.0
RandomForest,0.0,0.10976331360946745,1.0
RandomForest,0.0,0.11065088757396449,1.0
RandomForest,0.0,0.11242603550295859,1.0
RandomForest,0.0,0.11331360946745563,1.0
RandomForest,0.0,0.11479289940828402,1.0
RandomForest,0.0,0.11568047337278106,1.0
RandomForest,0.0,0.11597633136094675,1.0
RandomForest,0.0,0.11745562130177514,1.0
RandomForest,0.0,0.11834319526627218,1.0
RandomForest,0.0,0.12011834319526628,1.0
RandomForest,0.0,0.12218934911242603,1.0
RandomForest,0.0,0.12248520710059171,1.0
RandomForest,0.0,0.12307692307692308,1.0
RandomForest,0.0,0.1242603550295858,1.0
RandomForest,0.0,0.12485207100591716,1.0
RandomForest,0.0,0.12514792899408284,1.0
RandomForest,0.0,0.1257396449704142,1.0
RandomForest,0.0,0.12662721893491125,1.0
RandomForest,0.0,0.12751479289940829,1.0
RandomForest,0.0,0.12810650887573966,1.0
RandomForest,0.0,0.128698224852071,1.0
RandomForest,0.0,0.12988165680473374,1.0
RandomForest,0.0,0.13047337278106508,1.0
RandomForest,0.0,0.13076923076923078,1.0
RandomForest,0.0,0.1319526627218935,1.0
RandomForest,0.0,0.13224852071005916,1.0
RandomForest,0.0,0.1334319526627219,1.0
RandomForest,0.0,0.13520710059171598,1.0
RandomForest,0.0,0.13609467455621302,1.0
RandomForest,0.0,0.13698224852071006,1.0
RandomForest,0.0,0.13757396449704143,1.0
RandomForest,0.0,0.13875739644970414,1.0
RandomForest,0.0,0.1393491124260355,1.0
RandomForest,0.0,0.1411242603550296,1.0
RandomForest,0.0,0.1423076923076923,1.0
RandomForest,0.0,0.14319526627218934,1.0
RandomForest,0.0,0.14408284023668638,1.0
RandomForest,0.0,0.14497041420118342,1.0
RandomForest,0.0,0.1455621301775148,1.0
RandomForest,0.0,0.14615384615384616,1.0
RandomForest,0.0,0.14792899408284024,1.0
RandomForest,0.0,0.14881656804733728,1.0
RandomForest,0.0,0.1502958579881657,1.0
RandomForest,0.0,0.15059171597633136,1.0
RandomForest,0.0,0.15118343195266273,1.0
RandomForest,0.0,0.15177514792899408,1.0
RandomForest,0.0,0.15325443786982249,1.0
RandomForest,0.0,0.15384615384615385,1.0
RandomForest,0.0,0.1547337278106509,1.0
RandomForest,0.0,0.15532544378698224,1.0
RandomForest,0.0,0.15562130177514794,1.0
RandomForest,0.0,0.15650887573964498,1.0
RandomForest,0.0,0.15710059171597632,1.0
RandomForest,0.0,0.1576923076923077,1.0
RandomForest,0.0,0.15798816568047339,1.0
RandomForest,0.0,0.15857988165680473,1.0
RandomForest,0.0,0.1603550295857988,1.0
RandomForest,0.0,0.1636094674556213,1.0
RandomForest,0.0,0.16390532544378697,1.0
RandomForest,0.0,0.16538461538461538,1.0
RandomForest,0.0,0.16597633136094675,1.0
RandomForest,0.0,0.16745562130177516,1.0
RandomForest,0.0,0.1680473372781065,1.0
RandomForest,0.0,0.1683431952662722,1.0
RandomForest,0.0,0.16893491124260354,1.0
RandomForest,0.0,0.16982248520710058,1.0
RandomForest,0.0,0.17041420118343195,1.0
RandomForest,0.0,0.17071005917159762,1.0
RandomForest,0.0,0.171301775147929,1.0
RandomForest,0.0,0.17159763313609466,1.0
RandomForest,0.0,0.17218934911242603,1.0
RandomForest,0.0,0.1727810650887574,1.0
RandomForest,0.0,0.17455621301775148,1.0
RandomForest,0.0,0.17751479289940827,1.0
RandomForest,0.0,0.17840236686390532,1.0
RandomForest,0.0,0.17899408284023668,1.0
RandomForest,0.0,0.17958579881656805,1.0
RandomForest,0.0,0.18136094674556213,1.0
RandomForest,0.0,0.18224852071005918,1.0
RandomForest,0.0,0.1834319526627219,1.0
RandomForest,0.0,0.18372781065088759,1.0
RandomForest,0.0,0.186094674556213,1.0
RandomForest,0.0,0.18698224852071005,1.0
RandomForest,0.0,0.18905325443786983,1.0
RandomForest,0.0,0.18994082840236687,1.0
RandomForest,0.0,0.19112426035502958,1.0
RandomForest,0.0,0.19467455621301774,1.0
RandomForest,0.0,0.19644970414201182,1.0
RandomForest,0.0,0.19881656804733727,1.0
RandomForest,0.0,0.19911242603550297,1.0
RandomForest,0.0,0.2,1.0
RandomForest,0.0,0.20059171597633135,1.0
RandomForest,0.0,0.20118343195266272,1.0
RandomForest,0.0,0.20266272189349113,1.0
RandomForest,0.0,0.20355029585798817,1.0
RandomForest,0.0,0.20473372781065088,1.0
RandomForest,0.0,0.20650887573964496,1.0
RandomForest,0.0,0.20680473372781066,1.0
RandomForest,0.0,0.20828402366863905,1.0
RandomForest,0.0,0.20917159763313609,1.0
RandomForest,0.0,0.21094674556213017,1.0
RandomForest,0.0,0.2118343195266272,1.0
RandomForest,0.0,0.21242603550295858,1.0
RandomForest,0.0,0.2136094674556213,1.0
RandomForest,0.0,0.21449704142011836,1.0
RandomForest,0.0,0.2150887573964497,1.0
RandomForest,0.0,0.21568047337278107,1.0
RandomForest,0.0,0.2165680473372781,1.0
RandomForest,0.0,0.21715976331360948,1.0
RandomForest,0.0,0.2198224852071006,1.0
RandomForest,0.0,0.22041420118343194,1.0
RandomForest,0.0,0.2210059171597633,1.0
RandomForest,0.0,0.22189349112426035,1.0
RandomForest,0.0,0.22248520710059172,1.0
RandomForest,0.0,0.22337278106508876,1.0
RandomForest,0.0,0.22455621301775147,1.0
RandomForest,0.0,0.22485207100591717,1.0
RandomForest,0.0,0.22781065088757396,1.0
RandomForest,0.0,0.22840236686390533,1.0
RandomForest,0.0,0.22928994082840237,1.0
RandomForest,0.0,0.23106508875739645,1.0
RandomForest,0.0,0.23224852071005916,1.0
RandomForest,0.0,0.23284023668639053,1.0
RandomForest,0.0,0.23727810650887574,1.0
RandomForest,0.0,0.23816568047337278,1.0
RandomForest,0.0,0.23846153846153847,1.0
RandomForest,0.0,0.2408284023668639,1.0
RandomForest,0.0,0.24201183431952664,1.0
RandomForest,0.0,0.24378698224852072,1.0
RandomForest,0.0,0.2440828402366864,1.0
RandomForest,0.0,0.25088757396449707,1.0
RandomForest,0.0,0.25266272189349115,1.0
RandomForest,0.0,0.25384615384615383,1.0
RandomForest,0.0,0.2541420118343195,1.0
RandomForest,0.0,0.2591715976331361,1.0
RandomForest,0.0,0.26005917159763314,1.0
RandomForest,0.0,0.2603550295857988,1.0
RandomForest,0.0,0.26153846153846155,1.0
RandomForest,0.0,0.26272189349112424,1.0
RandomForest,0.0,0.2650887573964497,1.0
RandomForest,0.0,0.2659763313609467,1.0
RandomForest,0.0,0.26715976331360947,1.0
RandomForest,0.0,0.2695266272189349,1.0
RandomForest,0.0,0.2698224852071006,1.0
RandomForest,0.0,0.27041420118343196,1.0
RandomForest,0.0,0.27130177514792897,1.0
RandomForest,0.0,0.27514792899408286,1.0
RandomForest,0.0,0.27692307692307694,1.0
RandomForest,0.0,0.2775147928994083,1.0
RandomForest,0.0,0.2781065088757396,1.0
RandomForest,0.0,0.278698224852071,1.0
RandomForest,0.0,0.28106508875739644,1.0
RandomForest,0.0,0.2813609467455621,1.0
RandomForest,0.0,0.2831360946745562,1.0
RandomForest,0.0,0.2837278106508876,1.0
RandomForest,0.0,0.28431952662721893,1.0
RandomForest,0.0,0.2846153846153846,1.0
RandomForest,0.0,0.28579881656804734,1.0
RandomForest,0.0,0.286094674556213,1.0
RandomForest,0.0,0.2875739644970414,1.0
RandomForest,0.0,0.28994082840236685,1.0
RandomForest,0.0,0.29053254437869824,1.0
RandomForest,0.0,0.29142011834319526,1.0
RandomForest,0.0,0.2917159763313609,1.0
RandomForest,0.0,0.292603550295858,1.0
RandomForest,0.0,0.29289940828402367,1.0
RandomForest,0.0,0.2952662721893491,1.0
RandomForest,0.0,0.2967455621301775,1.0
RandomForest,0.0,0.299112426035503,1.0
RandomForest,0.0,0.2997041420118343,1.0
RandomForest,0.0,0.3005917159763314,1.0
RandomForest,0.0,0.30207100591715974,1.0
RandomForest,0.0,0.30236686390532547,1.0
RandomForest,0.0,0.3029585798816568,1.0
RandomForest,0.0,0.3032544378698225,1.0
RandomForest,0.0,0.30502958579881656,1.0
RandomForest,0.0,0.3062130177514793,1.0
RandomForest,0.0,0.30680473372781064,1.0
RandomForest,0.0,0.3071005917159763,1.0
RandomForest,0.0,0.30828402366863905,1.0
RandomForest,0.0,0.3103550295857988,1.0
RandomForest,0.0,0.3153846153846154,1.0
RandomForest,0.0,0.31597633136094677,1.0
RandomForest,0.0,0.31715976331360946,1.0
RandomForest,0.0,0.3183431952662722,1.0
RandomForest,0.0,0.31863905325443787,1.0
RandomForest,0.0,0.32041420118343195,1.0
RandomForest,0.0,0.32514792899408285,1.0
RandomForest,0.0,0.32603550295857986,1.0
RandomForest,0.0,0.32662721893491126,1.0
RandomForest,0.0,0.32810650887573967,1.0
RandomForest,0.0,0.32928994082840235,1.0
RandomForest,0.0,0.3301775147928994,1.0
RandomForest,0.0,0.3304733727810651,1.0
RandomForest,0.0,0.33106508875739643,1.0
RandomForest,0.0,0.33224852071005917,1.0
RandomForest,0.0,0.33402366863905325,1.0
RandomForest,0.0,0.335207100591716,1.0
RandomForest,0.0,0.3375739644970414,1.0
RandomForest,0.0,0.3378698224852071,1.0
RandomForest,0.0,0.3384615384615385,1.0
RandomForest,0.0,0.33964497041420116,1.0
RandomForest,0.0,0.3399408284023669,1.0
RandomForest,0.0,0.3408284023668639,1.0
RandomForest,0.0,0.34142011834319524,1.0
RandomForest,0.0,0.34171597633136097,1.0
RandomForest,0.0,0.3431952662721893,1.0
RandomForest,0.0,0.3437869822485207,1.0
RandomForest,0.0,0.3458579881656805,1.0
RandomForest,0.0,0.35,1.0
RandomForest,0.0,0.35088757396449705,1.0
RandomForest,0.0,0.3511834319526627,1.0
RandomForest,0.0,0.3529585798816568,1.0
RandomForest,0.0,0.35325443786982247,1.0
RandomForest,0.0,0.35384615384615387,1.0
RandomForest,0.0,0.35414201183431954,1.0
RandomForest,0.0,0.35828402366863904,1.0
RandomForest,0.0,0.35976331360946745,1.0
RandomForest,0.0,0.36627218934911243,1.0
RandomForest,0.0,0.36863905325443785,1.0
RandomForest,0.0,0.3754437869822485,1.0
RandomForest,0.0,0.3757396449704142,1.0
RandomForest,0.0,0.3769230769230769,1.0
RandomForest,0.0,0.3792899408284024,1.0
RandomForest,0.0,0.3804733727810651,1.0
RandomForest,0.0,0.3834319526627219,1.0
RandomForest,0.0,0.38402366863905324,1.0
RandomForest,0.0,0.38461538461538464,1.0
RandomForest,0.0,0.3849112426035503,1.0
RandomForest,0.0,0.38550295857988165,1.0
RandomForest,0.0,0.3857988165680473,1.0
RandomForest,0.0,0.3863905325443787,1.0
RandomForest,0.0,0.3866863905325444,1.0
RandomForest,0.0,0.3878698224852071,1.0
RandomForest,0.0,0.3881656804733728,1.0
RandomForest,0.0,0.38875739644970414,1.0
RandomForest,0.0,0.3890532544378698,1.0
RandomForest,0.0,0.3905325443786982,1.0
RandomForest,0.0,0.39112426035502956,1.0
RandomForest,0.0,0.39201183431952663,1.0
RandomForest,0.0,0.392603550295858,1.0
RandomForest,0.0,0.3940828402366864,1.0
RandomForest,0.0,0.3955621301775148,1.0
RandomForest,0.0,0.39585798816568046,1.0
RandomForest,0.0,0.39644970414201186,1.0
RandomForest,0.0,0.3970414201183432,1.0
RandomForest,0.0,0.39822485207100594,1.0
RandomForest,0.0,0.39911242603550295,1.0
RandomForest,0.0,0.3994082840236686,1.0
RandomForest,0.0,0.4002958579881657,1.0
RandomForest,0.0,0.40088757396449703,1.0
RandomForest,0.0,0.4020710059171598,1.0
RandomForest,0.0,0.4026627218934911,1.0
RandomForest,0.0,0.4029585798816568,1.0
RandomForest,0.0,0.4050295857988166,1.0
RandomForest,0.0,0.40532544378698226,1.0
RandomForest,0.0,0.40650887573964495,1.0
RandomForest,0.0,0.40710059171597635,1.0
RandomForest,0.0,0.40798816568047336,1.0
RandomForest,0.0,0.40857988165680476,1.0
RandomForest,0.0,0.41035502958579884,1.0
RandomForest,0.0,0.4109467455621302,1.0
RandomForest,0.0,0.4121301775147929,1.0
RandomForest,0.0,0.4124260355029586,1.0
RandomForest,0.0,0.41420118343195267,1.0
RandomForest,0.0,0.414792899408284,1.0
RandomForest,0.0,0.4180473372781065,1.0
RandomForest,0.0,0.41863905325443784,1.0
RandomForest,0.0,0.4195266272189349,1.0
RandomForest,0.0,0.4198224852071006,1.0
RandomForest,0.0,0.420414201183432,1.0
RandomForest,0.0,0.4242603550295858,1.0
RandomForest,0.0,0.4245562130177515,1.0
RandomForest,0.0,0.4251479289940828,1.0
RandomForest,0.0,0.4254437869822485,1.0
RandomForest,0.0,0.4269230769230769,1.0
RandomForest,0.0,0.4292899408284024,1.0
RandomForest,0.0,0.4298816568047337,1.0
RandomForest,0.0,0.43106508875739646,1.0
RandomForest,0.0,0.43224852071005915,1.0
RandomForest,0.0,0.43431952662721895,1.0
RandomForest,0.0,0.4366863905325444,1.0
RandomForest,0.0,0.43698224852071005,1.0
RandomForest,0.0,0.4378698224852071,1.0
RandomForest,0.0,0.4381656804733728,1.0
RandomForest,0.0,0.43875739644970413,1.0
RandomForest,0.0,0.4390532544378698,1.0
RandomForest,0.0,0.4396449704142012,1.0
RandomForest,0.0,0.44467455621301777,1.0
RandomForest,0.0,0.4452662721893491,1.0
RandomForest,0.0,0.44822485207100593,1.0
RandomForest,0.0,0.44881656804733727,1.0
RandomForest,0.0,0.45059171597633135,1.0
RandomForest,0.0,0.4514792899408284,1.0
RandomForest,0.0,0.45295857988165683,1.0
RandomForest,0.0,0.4535502958579882,1.0
RandomForest,0.0,0.4547337278106509,1.0
RandomForest,0.0,0.45621301775147927,1.0
RandomForest,0.0,0.45680473372781066,1.0
RandomForest,0.0,0.4582840236686391,1.0
RandomForest,0.0,0.4588757396449704,1.0
RandomForest,0.0,0.4597633136094675,1.0
RandomForest,0.0,0.4606508875739645,1.0
RandomForest,0.0,0.46272189349112425,1.0
RandomForest,0.0,0.4636094674556213,1.0
RandomForest,0.0,0.46420118343195266,1.0
RandomForest,0.0,0.4710059171597633,1.0
RandomForest,0.0,0.471301775147929,1.0
RandomForest,0.0,0.47218934911242605,1.0
RandomForest,0.0,0.4724852071005917,1.0
RandomForest,0.0,0.48195266272189347,1.0
RandomForest,0.0,0.4822485207100592,1.0
RandomForest,0.0,0.48284023668639053,1.0
RandomForest,0.0,0.4840236686390533,1.0
RandomForest,0.0,0.4849112426035503,1.0
RandomForest,0.0,0.4855029585798817,1.0
RandomForest,0.0,0.48668639053254437,1.0
RandomForest,0.0,0.48698224852071004,1.0
RandomForest,0.0,0.4887573964497041,1.0
RandomForest,0.0,0.48905325443786984,1.0
RandomForest,0.0,0.49023668639053253,1.0
RandomForest,0.0,0.4905325443786982,1.0
RandomForest,0.0,0.4911242603550296,1.0
RandomForest,0.0,0.49142011834319527,1.0
RandomForest,0.0,0.49230769230769234,1.0
RandomForest,0.0,0.4958579881656805,1.0
RandomForest,0.0,0.4970414201183432,1.0
RandomForest,0.0,0.49733727810650885,1.0
RandomForest,0.0,0.4985207100591716,1.0
RandomForest,0.0,0.49881656804733726,1.0
RandomForest,0.0,0.49940828402366866,1.0
RandomForest,0.0,0.5002958579881657,1.0
RandomForest,0.0,0.5029585798816568,1.0
RandomForest,0.0,0.5041420118343195,1.0
RandomForest,0.0,0.5062130177514793,1.0
RandomForest,0.0,0.5068047337278107,1.0
RandomForest,0.0,0.507396449704142,1.0
RandomForest,0.0,0.5088757396449705,1.0
RandomForest,0.0,0.5094674556213018,1.0
RandomForest,0.0,0.5106508875739645,1.0
RandomForest,0.0,0.5118343195266272,1.0
RandomForest,0.0,0.5133136094674556,1.0
RandomForest,0.0,0.5142011834319526,1.0
RandomForest,0.0,0.514792899408284,1.0
RandomForest,0.0,0.5174556213017751,1.0
RandomForest,0.0,0.5177514792899408,1.0
RandomForest,0.0,0.5183431952662721,1.0
RandomForest,0.0,0.5189349112426036,1.0
RandomForest,0.0,0.5215976331360946,1.0
RandomForest,0.0,0.522189349112426,1.0
RandomForest,0.0,0.5230769230769231,1.0
RandomForest,0.0,0.5236686390532544,1.0
RandomForest,0.0,0.5239644970414201,1.0
RandomForest,0.0,0.5245562130177515,1.0
RandomForest,0.0,0.5263313609467456,1.0
RandomForest,0.0,0.5295857988165681,1.0
RandomForest,0.0,0.5301775147928994,1.0
RandomForest,0.0,0.5328402366863906,1.0
RandomForest,0.0,0.5343195266272189,1.0
RandomForest,0.0,0.5346153846153846,1.0
RandomForest,0.0,0.5360946745562131,1.0
RandomForest,0.0,0.5369822485207101,1.0
RandomForest,0.0,0.5375739644970414,1.0
RandomForest,0.0,0.5393491124260354,1.0
RandomForest,0.0,0.5399408284023669,1.0
RandomForest,0.0,0.5405325443786982,1.0
RandomForest,0.0,0.5417159763313609,1.0
RandomForest,0.0,0.5423076923076923,1.0
RandomForest,0.0,0.5437869822485207,1.0
RandomForest,0.0,0.5443786982248521,1.0
RandomForest,0.0,0.5452662721893491,1.0
RandomForest,0.0,0.5461538461538461,1.0
RandomForest,0.0,0.5473372781065089,1.0
RandomForest,0.0,0.5476331360946746,1.0
RandomForest,0.0,0.5482248520710059,1.0
RandomForest,0.0,0.5491124260355029,1.0
RandomForest,0.0,0.5497041420118344,1.0
RandomForest,0.0,0.5502958579881657,1.0
RandomForest,0.0,0.5505917159763314,1.0
RandomForest,0.0,0.5514792899408284,1.0
RandomForest,0.0,0.5517751479289941,1.0
RandomForest,0.0,0.5538461538461539,1.0
RandomForest,0.0,0.5544378698224852,1.0
RandomForest,0.0,0.5553254437869822,1.0
RandomForest,0.0,0.5559171597633136,1.0
RandomForest,0.0,0.5571005917159764,1.0
RandomForest,0.0,0.557396449704142,1.0
RandomForest,0.0,0.5579881656804734,1.0
RandomForest,0.0,0.5591715976331361,1.0
RandomForest,0.0,0.5597633136094674,1.0
RandomForest,0.0,0.5600591715976332,1.0
RandomForest,0.0,0.5606508875739645,1.0
RandomForest,0.0,0.5615384615384615,1.0
RandomForest,0.0,0.5621301775147929,1.0
RandomForest,0.0,0.5636094674556213,1.0
RandomForest,0.0,0.5642011834319527,1.0
RandomForest,0.0,0.5644970414201184,1.0
RandomForest,0.0,0.5665680473372781,1.0
RandomForest,0.0,0.5671597633136095,1.0
RandomForest,0.0,0.5680473372781065,1.0
RandomForest,0.0,0.5686390532544379,1.0
RandomForest,0.0,0.570414201183432,1.0
RandomForest,0.0,0.5715976331360947,1.0
RandomForest,0.0,0.572189349112426,1.0
RandomForest,0.0,0.5727810650887574,1.0
RandomForest,0.0,0.5739644970414202,1.0
RandomForest,0.0,0.5745562130177515,1.0
RandomForest,0.0,0.5751479289940828,1.0
RandomForest,0.0,0.5757396449704142,1.0
RandomForest,0.0,0.5763313609467455,1.0
RandomForest,0.0,0.5781065088757397,1.0
RandomForest,0.0,0.579585798816568,1.0
RandomForest,0.0,0.5801775147928994,1.0
RandomForest,0.0,0.5807692307692308,1.0
RandomForest,0.0,0.5816568047337278,1.0
RandomForest,0.0,0.5822485207100592,1.0
RandomForest,0.0,0.5828402366863905,1.0
RandomForest,0.0,0.5834319526627219,1.0
RandomForest,0.0,0.58698224852071,1.0
RandomForest,0.0,0.5875739644970415,1.0
RandomForest,0.0,0.5878698224852071,1.0
RandomForest,0.0,0.5887573964497042,1.0
RandomForest,0.0,0.5964497041420118,1.0
RandomForest,0.0,0.5973372781065088,1.0
RandomForest,0.0,0.5994082840236686,1.0
RandomForest,0.0,0.6,1.0
RandomForest,0.0,0.600887573964497,1.0
RandomForest,0.0,0.6023668639053255,1.0
RandomForest,0.0,0.6035502958579881,1.0
RandomForest,0.0,0.6047337278106509,1.0
RandomForest,0.0,0.606508875739645,1.0
RandomForest,0.0,0.607396449704142,1.0
RandomForest,0.0,0.6085798816568048,1.0
RandomForest,0.0,0.6097633136094674,1.0
RandomForest,0.0,0.6100591715976331,1.0
RandomForest,0.0,0.6106508875739645,1.0
RandomForest,0.0,0.6142011834319526,1.0
RandomForest,0.0,0.6147928994082841,1.0
RandomForest,0.0,0.6153846153846154,1.0
RandomForest,0.0,0.6165680473372781,1.0
RandomForest,0.0,0.6171597633136094,1.0
RandomForest,0.0,0.6177514792899408,1.0
RandomForest,0.0,0.6186390532544379,1.0
RandomForest,0.0,0.6192307692307693,1.0
RandomForest,0.0,0.6207100591715976,1.0
RandomForest,0.0,0.621301775147929,1.0
RandomForest,0.0,0.6224852071005917,1.0
RandomForest,0.0,0.6230769230769231,1.0
RandomForest,0.0,0.6242603550295858,1.0
RandomForest,0.0,0.6248520710059171,1.0
RandomForest,0.0,0.6254437869822486,1.0
RandomForest,0.0,0.6263313609467456,1.0
RandomForest,0.0,0.6269230769230769,1.0
RandomForest,0.0,0.6292899408284024,1.0
RandomForest,0.0,0.6298816568047337,1.0
RandomForest,0.0,0.6304733727810651,1.0
RandomForest,0.0,0.6310650887573964,1.0
RandomForest,0.0,0.6319526627218935,1.0
RandomForest,0.0,0.6325443786982249,1.0
RandomForest,0.0,0.6357988165680474,1.0
RandomForest,0.0,0.6363905325443787,1.0
RandomForest,0.0,0.6366863905325444,1.0
RandomForest,0.0,0.6372781065088757,1.0
RandomForest,0.0,0.6381656804733727,1.0
RandomForest,0.0,0.6393491124260355,1.0
RandomForest,0.0,0.6402366863905326,1.0
RandomForest,0.0,0.6417159763313609,1.0
RandomForest,0.0,0.642603550295858,1.0
RandomForest,0.0,0.6431952662721894,1.0
RandomForest,0.0,0.6440828402366864,1.0
RandomForest,0.0,0.6446745562130177,1.0
RandomForest,0.0,0.6467455621301775,1.0
RandomForest,0.0,0.6485207100591716,1.0
RandomForest,0.0,0.649112426035503,1.0
RandomForest,0.0,0.6505917159763314,1.0
RandomForest,0.0,0.650887573964497,1.0
RandomForest,0.0,0.651775147928994,1.0
RandomForest,0.0,0.6526627218934912,1.0
RandomForest,0.0,0.6535502958579882,1.0
RandomForest,0.0,0.6541420118343195,1.0
RandomForest,0.0,0.6559171597633137,1.0
RandomForest,0.0,0.6568047337278107,1.0
RandomForest,0.0,0.657396449704142,1.0
RandomForest,0.0,0.6585798816568047,1.0
RandomForest,0.0,0.6600591715976332,1.0
RandomForest,0.0,0.6609467455621302,1.0
RandomForest,0.0,0.6612426035502958,1.0
RandomForest,0.0,0.6624260355029585,1.0
RandomForest,0.0,0.6633136094674557,1.0
RandomForest,0.0,0.6642011834319527,1.0
RandomForest,0.0,0.664792899408284,1.0
RandomForest,0.0,0.6659763313609467,1.0
RandomForest,0.0,0.6668639053254438,1.0
RandomForest,0.0,0.6689349112426035,1.0
RandomForest,0.0,0.6701183431952663,1.0
RandomForest,0.0,0.6715976331360947,1.0
RandomForest,0.0,0.672189349112426,1.0
RandomForest,0.0,0.6727810650887573,1.0
RandomForest,0.0,0.6736686390532545,1.0
RandomForest,0.0,0.6754437869822485,1.0
RandomForest,0.0,0.6772189349112426,1.0
RandomForest,0.0,0.6781065088757396,1.0
RandomForest,0.0,0.678698224852071,1.0
RandomForest,0.0,0.6798816568047338,1.0
RandomForest,0.0,0.6810650887573965,1.0
RandomForest,0.0,0.6816568047337278,1.0
RandomForest,0.0,0.6819526627218935,1.0
RandomForest,0.0,0.6831360946745562,1.0
RandomForest,0.0,0.6834319526627219,1.0
RandomForest,0.0,0.685207100591716,1.0
RandomForest,0.0,0.686094674556213,1.0
RandomForest,0.0,0.6869822485207101,1.0
RandomForest,0.0,0.6884615384615385,1.0
RandomForest,0.0,0.6890532544378698,1.0
RandomForest,0.0,0.6893491124260355,1.0
RandomForest,0.0,0.6920118343195266,1.0
RandomForest,0.0,0.692603550295858,1.0
RandomForest,0.0,0.693491124260355,1.0
RandomForest,0.0,0.6937869822485208,1.0
RandomForest,0.0,0.6946745562130178,1.0
RandomForest,0.0,0.6958579881656805,1.0
RandomForest,0.0,0.6967455621301775,1.0
RandomForest,0.0,0.6979289940828403,1.0
RandomForest,0.0,0.6988165680473373,1.0
RandomForest,0.0,0.7,1.0
RandomForest,0.0,0.7005917159763314,1.0
RandomForest,0.0,0.7023668639053254,1.0
RandomForest,0.0,0.7029585798816568,1.0
RandomForest,0.0,0.7041420118343196,1.0
RandomForest,0.0,0.7044378698224852,1.0
RandomForest,0.0,0.7056213017751479,1.0
RandomForest,0.0,0.7059171597633136,1.0
RandomForest,0.0,0.7065088757396449,1.0
RandomForest,0.0,0.7068047337278106,1.0
RandomForest,0.0,0.7073964497041421,1.0
RandomForest,0.0,0.7079881656804734,1.0
RandomForest,0.0,0.7094674556213018,1.0
RandomForest,0.0,0.7103550295857988,1.0
RandomForest,0.0,0.7109467455621302,1.0
RandomForest,0.0,0.7133136094674556,1.0
RandomForest,0.0,0.7144970414201184,1.0
RandomForest,0.0,0.7150887573964497,1.0
RandomForest,0.0,0.7156804733727811,1.0
RandomForest,0.0,0.7162721893491124,1.0
RandomForest,0.0,0.7174556213017751,1.0
RandomForest,0.0,0.7186390532544379,1.0
RandomForest,0.0,0.7195266272189349,1.0
RandomForest,0.0,0.7207100591715976,1.0
RandomForest,0.0,0.7210059171597634,1.0
RandomForest,0.0,0.7215976331360947,1.0
RandomForest,0.0,0.7218934911242604,1.0
RandomForest,0.0,0.7230769230769231,1.0
RandomForest,0.0,0.7245562130177515,1.0
RandomForest,0.0,0.7272189349112426,1.0
RandomForest,0.0,0.727810650887574,1.0
RandomForest,0.0,0.729585798816568,1.0
RandomForest,0.0,0.7307692307692307,1.0
RandomForest,0.0,0.7316568047337279,1.0
RandomForest,0.0,0.7319526627218935,1.0
RandomForest,0.0,0.7325443786982249,1.0
RandomForest,0.0,0.7337278106508875,1.0
RandomForest,0.0,0.735207100591716,1.0
RandomForest,0.0,0.7355029585798817,1.0
RandomForest,0.0,0.736094674556213,1.0
RandomForest,0.0,0.7366863905325444,1.0
RandomForest,0.0,0.737869822485207,1.0
RandomForest,0.0,0.7396449704142012,1.0
RandomForest,0.0,0.7399408284023669,1.0
RandomForest,0.0,0.7408284023668639,1.0
RandomForest,0.0,0.7420118343195267,1.0
RandomForest,0.0,0.7428994082840237,1.0
RandomForest,0.0,0.743491124260355,1.0
RandomForest,0.0,0.744378698224852,1.0
RandomForest,0.0,0.7449704142011835,1.0
RandomForest,0.0,0.7455621301775148,1.0
RandomForest,0.0,0.7461538461538462,1.0
RandomForest,0.0,0.7479289940828402,1.0
RandomForest,0.0,0.7485207100591716,1.0
RandomForest,0.0,0.7494082840236687,1.0
RandomForest,0.0,0.75,1.0
RandomForest,0.0,0.7505917159763313,1.0
RandomForest,0.0,0.750887573964497,1.0
RandomForest,0.0,0.7526627218934911,1.0
RandomForest,0.0,0.7532544378698225,1.0
RandomForest,0.0,0.7538461538461538,1.0
RandomForest,0.0,0.7547337278106508,1.0
RandomForest,0.0,0.7553254437869823,1.0
RandomForest,0.0,0.7559171597633136,1.0
RandomForest,0.0,0.756508875739645,1.0
RandomForest,0.0,0.757396449704142,1.0
RandomForest,0.0,0.758284023668639,1.0
RandomForest,0.0,0.7609467455621302,1.0
RandomForest,0.0,0.7615384615384615,1.0
RandomForest,0.0,0.7618343195266272,1.0
RandomForest,0.0,0.76301775147929,1.0
RandomForest,0.0,0.7636094674556213,1.0
RandomForest,0.0,0.7653846153846153,1.0
RandomForest,0.0,0.7662721893491125,1.0
RandomForest,0.0,0.7674556213017751,1.0
RandomForest,0.0,0.7686390532544378,1.0
RandomForest,0.0,0.7695266272189349,1.0
RandomForest,0.0,0.770414201183432,1.0
RandomForest,0.0,0.7710059171597633,1.0
RandomForest,0.0,0.7715976331360946,1.0
RandomForest,0.0,0.772189349112426,1.0
RandomForest,0.0,0.7727810650887574,1.0
RandomForest,0.0,0.7745562130177515,1.0
RandomForest,0.0,0.7781065088757396,1.0
RandomForest,0.0,0.7784023668639053,1.0
RandomForest,0.0,0.7789940828402366,1.0
RandomForest,0.0,0.7795857988165681,1.0
RandomForest,0.0,0.7801775147928994,1.0
RandomForest,0.0,0.7810650887573964,1.0
RandomForest,0.0,0.7819526627218935,1.0
RandomForest,0.0,0.7822485207100591,1.0
RandomForest,0.0,0.7828402366863906,1.0
RandomForest,0.0,0.7831360946745562,1.0
RandomForest,0.0,0.7840236686390533,1.0
RandomForest,0.0,0.7872781065088758,1.0
RandomForest,0.0,0.7875739644970414,1.0
RandomForest,0.0,0.7884615384615384,1.0
RandomForest,0.0,0.7893491124260354,1.0
RandomForest,0.0,0.7899408284023669,1.0
RandomForest,0.0,0.7905325443786982,1.0
RandomForest,0.0,0.7914201183431953,1.0
RandomForest,0.0,0.7928994082840237,1.0
RandomForest,0.0,0.7949704142011834,1.0
RandomForest,0.0,0.7976331360946746,1.0
RandomForest,0.0,0.7979289940828402,1.0
RandomForest,0.0,0.7985207100591716,1.0
RandomForest,0.0,0.7991124260355029,1.0
RandomForest,0.0,0.8011834319526627,1.0
RandomForest,0.0,0.8017751479289941,1.0
RandomForest,0.0,0.8029585798816568,1.0
RandomForest,0.0,0.8038461538461539,1.0
RandomForest,0.0,0.8044378698224852,1.0
RandomForest,0.0,0.8056213017751479,1.0
RandomForest,0.0,0.8071005917159764,1.0
RandomForest,0.0,0.808284023668639,1.0
RandomForest,0.0,0.8085798816568047,1.0
RandomForest,0.0,0.8091715976331361,1.0
RandomForest,0.0,0.8094674556213017,1.0
RandomForest,0.0,0.8109467455621302,1.0
RandomForest,0.0,0.8118343195266272,1.0
RandomForest,0.0,0.8121301775147929,1.0
RandomForest,0.0,0.8142011834319527,1.0
RandomForest,0.0,0.814792899408284,1.0
RandomForest,0.0,0.815680473372781,1.0
RandomForest,0.0,0.8165680473372781,1.0
RandomForest,0.0,0.8183431952662722,1.0
RandomForest,0.0,0.8189349112426035,1.0
RandomForest,0.0,0.821301775147929,1.0
RandomForest,0.0,0.8239644970414202,1.0
RandomForest,0.0,0.8248520710059172,1.0
RandomForest,0.0,0.8254437869822485,1.0
RandomForest,0.0,0.8263313609467455,1.0
RandomForest,0.0,0.8266272189349112,1.0
RandomForest,0.0,0.8281065088757397,1.0
RandomForest,0.0,0.828698224852071,1.0
RandomForest,0.0,0.8334319526627219,1.0
RandomForest,0.0,0.8340236686390533,1.0
RandomForest,0.0,0.8363905325443787,1.0
RandomForest,0.0,0.83698224852071,1.0
RandomForest,0.0,0.8375739644970415,1.0
RandomForest,0.0,0.8381656804733728,1.0
RandomForest,0.0,0.8390532544378698,1.0
RandomForest,0.0,0.8399408284023668,1.0
RandomForest,0.0,0.8402366863905325,1.0
RandomForest,0.0,0.840828402366864,1.0
RandomForest,0.0,0.842603550295858,1.0
RandomForest,0.0,0.843491124260355,1.0
RandomForest,0.0,0.8437869822485207,1.0
RandomForest,0.0,0.8443786982248521,1.0
RandomForest,0.0,0.8446745562130178,1.0
RandomForest,0.0,0.8452662721893491,1.0
RandomForest,0.0,0.8470414201183432,1.0
RandomForest,0.0,0.8479289940828403,1.0
RandomForest,0.0,0.849112426035503,1.0
RandomForest,0.0,0.8544378698224852,1.0
RandomForest,0.0,0.855621301775148,1.0
RandomForest,0.0,0.8568047337278106,1.0
RandomForest,0.0,0.8576923076923076,1.0
RandomForest,0.0,0.8582840236686391,1.0
RandomForest,0.0,0.8591715976331361,1.0
RandomForest,0.0,0.8597633136094674,1.0
RandomForest,0.0,0.8603550295857988,1.0
RandomForest,0.0,0.8606508875739645,1.0
RandomForest,0.0,0.8612426035502958,1.0
RandomForest,0.0,0.8618343195266273,1.0
RandomForest,0.0,0.8624260355029586,1.0
RandomForest,0.0,0.8656804733727811,1.0
RandomForest,0.0,0.8662721893491124,1.0
RandomForest,0.0,0.8671597633136094,1.0
RandomForest,0.0,0.8686390532544379,1.0
RandomForest,0.0,0.8692307692307693,1.0
RandomForest,0.0,0.8695266272189349,1.0
RandomForest,0.0,0.8701183431952663,1.0
RandomForest,0.0,0.8704142011834319,1.0
RandomForest,0.0,0.8710059171597633,1.0
RandomForest,0.0,0.8715976331360947,1.0
RandomForest,0.0,0.8724852071005917,1.0
RandomForest,0.0,0.8784023668639053,1.0
RandomForest,0.0,0.8792899408284024,1.0
RandomForest,0.0,0.8813609467455621,1.0
RandomForest,0.0,0.8822485207100592,1.0
RandomForest,0.0,0.8825443786982249,1.0
RandomForest,0.0,0.8834319526627219,1.0
RandomForest,0.0,0.8840236686390532,1.0
RandomForest,0.0,0.8843195266272189,1.0
RandomForest,0.0,0.8849112426035503,1.0
RandomForest,0.0,0.8855029585798817,1.0
RandomForest,0.0,0.886094674556213,1.0
RandomForest,0.0,0.8914201183431952,1.0
RandomForest,0.0,0.8920118343195266,1.0
RandomForest,0.0,0.8923076923076924,1.0
RandomForest,0.0,0.893491124260355,1.0
RandomForest,0.0,0.8952662721893491,1.0
RandomForest,0.0,0.8958579881656805,1.0
RandomForest,0.0,0.8967455621301775,1.0
RandomForest,0.0,0.8976331360946745,1.0
RandomForest,0.0,0.8982248520710059,1.0
RandomForest,0.0,0.8997041420118344,1.0
RandomForest,0.0,0.9002958579881657,1.0
RandomForest,0.0,0.900887573964497,1.0
RandomForest,0.0,0.9023668639053254,1.0
RandomForest,0.0,0.9047337278106509,1.0
RandomForest,0.0,0.9068047337278107,1.0
RandomForest,0.0,0.907396449704142,1.0
RandomForest,0.0,0.9079881656804734,1.0
RandomForest,0.0,0.9088757396449704,1.0
RandomForest,0.0,0.9121301775147929,1.0
RandomForest,0.0,0.9133136094674557,1.0
RandomForest,0.0,0.9142011834319527,1.0
RandomForest,0.0,0.914792899408284,1.0
RandomForest,0.0,0.9153846153846154,1.0
RandomForest,0.0,0.9159763313609467,1.0
RandomForest,0.0,0.9162721893491125,1.0
RandomForest,0.0,0.9168639053254438,1.0
RandomForest,0.0,0.9174556213017752,1.0
RandomForest,0.0,0.9180473372781065,1.0
RandomForest,0.0,0.9183431952662722,1.0
RandomForest,0.0,0.9189349112426035,1.0
RandomForest,0.0,0.9227810650887573,1.0
RandomForest,0.0,0.9245562130177515,1.0
RandomForest,0.0,0.9275147928994083,1.0
RandomForest,0.0,0.9281065088757396,1.0
RandomForest,0.0,0.9292899408284023,1.0
RandomForest,0.0,0.9301775147928995,1.0
RandomForest,0.0,0.9313609467455621,1.0
RandomForest,0.0,0.9319526627218935,1.0
RandomForest,0.0,0.935207100591716,1.0
RandomForest,0.0,0.936094674556213,1.0
RandomForest,0.0,0.9363905325443787,1.0
RandomForest,0.0,0.9369822485207101,1.0
RandomForest,0.0,0.9378698224852071,1.0
RandomForest,0.0,0.9384615384615385,1.0
RandomForest,0.0,0.9393491124260355,1.0
RandomForest,0.0,0.941715976331361,1.0
RandomForest,0.0,0.9428994082840236,1.0
RandomForest,0.0,0.9446745562130178,1.0
RandomForest,0.0,0.9452662721893491,1.0
RandomForest,0.0,0.9464497041420118,1.0
RandomForest,0.0,0.9470414201183432,1.0
RandomForest,0.0,0.9508875739644971,1.0
RandomForest,0.0,0.9514792899408284,1.0
RandomForest,0.0,0.9612426035502959,1.0
RandomForest,0.0,0.9618343195266272,1.0
RandomForest,0.0,0.9633136094674556,1.0
RandomForest,0.0,0.9653846153846154,1.0
RandomForest,0.0,0.9662721893491124,1.0
RandomForest,0.0,0.9668639053254438,1.0
RandomForest,0.0,0.9692307692307692,1.0
RandomForest,0.0,0.9698224852071006,1.0
RandomForest,0.0,0.9766272189349112,1.0
RandomForest,0.0,0.9772189349112426,1.0
RandomForest,0.0,0.978698224852071,1.0
RandomForest,0.0,0.979585798816568,1.0
RandomForest,0.0,0.9798816568047337,1.0
RandomForest,0.0,0.9816568047337279,1.0
RandomForest,0.0,0.9828402366863905,1.0
RandomForest,0.0,0.9834319526627219,1.0
RandomForest,0.0,0.9840236686390532,1.0
RandomForest,0.0,0.985207100591716,1.0
RandomForest,0.0,0.9855029585798817,1.0
RandomForest,0.0,0.986094674556213,1.0
RandomForest,0.0,0.9875739644970414,1.0
RandomForest,0.0,0.9887573964497042,1.0
RandomForest,0.0,0.9899408284023669,1.0
RandomForest,0.0,0.9905325443786982,1.0
RandomForest,0.0,0.9923076923076923,1.0
RandomForest,0.0,0.9931952662721893,1.0
RandomForest,0.0,0.9940828402366864,1.0
RandomForest,0.0,0.9946745562130177,1.0
RandomForest,0.0,0.9955621301775148,1.0
RandomForest,0.0,0.9961538461538462,1.0
RandomForest,0.0,0.9973372781065089,1.0
RandomForest,0.0,0.9979289940828402,1.0
RandomForest,0.0,0.9982248520710059,1.0
RandomForest,0.0,0.9988165680473373,1.0
RandomForest,0.0,1.0,1.0
RandomForest,0.0013153567905294311,1.0,1.0
RandomForest,0.0019730351857941467,1.0,1.0
RandomForest,0.0036172311739559354,1.0,1.0
RandomForest,0.004932587964485367,1.0,1.0
RandomForest,0.00591910555738244,1.0,1.0
RandomForest,0.007234462347911871,1.0,1.0
RandomForest,0.012824728707661954,1.0,1.0
RandomForest,0.014140085498191384,1.0,1.0
RandomForest,0.015126603091088459,1.0,1.0
RandomForest,0.01644195988161789,1.0,1.0
RandomForest,0.017428477474514963,1.0,1.0
RandomForest,0.01808615586977968,1.0,1.0
RandomForest,0.020059191055573824,1.0,1.0
RandomForest,0.02236106543900033,1.0,1.0
RandomForest,0.022689904636632688,1.0,1.0
RandomForest,0.024334100624794474,1.0,1.0
RandomForest,0.024991779020059193,1.0,1.0
RandomForest,0.025649457415323908,1.0,1.0
RandomForest,0.026307135810588623,1.0,1.0
RandomForest,0.028937849391647483,1.0,1.0
RandomForest,0.030253206182176917,1.0,1.0
RandomForest,0.03156856297270635,1.0,1.0
RandomForest,0.03288391976323578,1.0,1.0
RandomForest,0.03387043735613285,1.0,1.0
RandomForest,0.03518579414666228,1.0,1.0
RandomForest,0.03551463334429464,1.0,1.0
RandomForest,0.03617231173955936,1.0,1.0
RandomForest,0.03847418612298586,1.0,1.0
RandomForest,0.03913186451825058,1.0,1.0
RandomForest,0.039460703715882936,1.0,1.0
RandomForest,0.04011838211114765,1.0,1.0
RandomForest,0.041104899704044726,1.0,1.0
RandomForest,0.042420256494574156,1.0,1.0
RandomForest,0.04307793488983887,1.0,1.0
RandomForest,0.04340677408747123,1.0,1.0
RandomForest,0.044064452482735945,1.0,1.0
RandomForest,0.04603748766853009,1.0,1.0
RandomForest,0.047024005261427165,1.0,1.0
RandomForest,0.048339362051956596,1.0,1.0
RandomForest,0.04932587964485367,1.0,1.0
RandomForest,0.049983558040118385,1.0,1.0
RandomForest,0.051298914830647815,1.0,1.0
RandomForest,0.05195659322591253,1.0,1.0
RandomForest,0.054258467609339035,1.0,1.0
RandomForest,0.055573824399868466,1.0,1.0
RandomForest,0.055902663597500825,1.0,1.0
RandomForest,0.056889181190397896,1.0,1.0
RandomForest,0.058204537980927326,1.0,1.0
RandomForest,0.058862216376192045,1.0,1.0
RandomForest,0.0591910555738244,1.0,1.0
RandomForest,0.059848733969089116,1.0,1.0
RandomForest,0.060177573166721475,1.0,1.0
RandomForest,0.061164090759618546,1.0,1.0
RandomForest,0.061492929957250905,1.0,1.0
RandomForest,0.06280828674778033,1.0,1.0
RandomForest,0.06445248273594212,1.0,1.0
RandomForest,0.06511016113120684,1.0,1.0
RandomForest,0.06938507070042749,1.0,1.0
RandomForest,0.0700427490956922,1.0,1.0
RandomForest,0.07300230187438343,1.0,1.0
RandomForest,0.07365998026964814,1.0,1.0
RandomForest,0.07925024662939822,1.0,1.0
RandomForest,0.07990792502466294,1.0,1.0
RandomForest,0.08352515619861887,1.0,1.0
RandomForest,0.0841828345938836,1.0,1.0
RandomForest,0.08451167379151595,1.0,1.0
RandomForest,0.08516935218678066,1.0,1.0
RandomForest,0.0864847089773101,1.0,1.0
RandomForest,0.0871423873725748,1.0,1.0
RandomForest,0.08845774416310424,1.0,1.0
RandomForest,0.08944426175600131,1.0,1.0
RandomForest,0.09075961854653075,1.0,1.0
RandomForest,0.09141729694179546,1.0,1.0
RandomForest,0.09174613613942782,1.0,1.0
RandomForest,0.09240381453469254,1.0,1.0
RandomForest,0.09536336731338375,1.0,1.0
RandomForest,0.09602104570864847,1.0,1.0
RandomForest,0.09667872410391319,1.0,1.0
RandomForest,0.09766524169681026,1.0,1.0
RandomForest,0.09898059848733969,1.0,1.0
RandomForest,0.0996382768826044,1.0,1.0
RandomForest,0.10391318645182505,1.0,1.0
RandomForest,0.10457086484708977,1.0,1.0
RandomForest,0.10555738243998684,1.0,1.0
RandomForest,0.10621506083525156,1.0,1.0
RandomForest,0.10687273923051628,1.0,1.0
RandomForest,0.1081880960210457,1.0,1.0
RandomForest,0.11344952318316344,1.0,1.0
RandomForest,0.11410720157842814,1.0,1.0
RandomForest,0.11575139756658993,1.0,1.0
RandomForest,0.11640907596185465,1.0,1.0
RandomForest,0.11936862874054588,1.0,1.0
RandomForest,0.1206839855310753,1.0,1.0
RandomForest,0.12199934232160474,1.0,1.0
RandomForest,0.12265702071686944,1.0,1.0
RandomForest,0.12298585991450181,1.0,1.0
RandomForest,0.12430121670503123,1.0,1.0
RandomForest,0.1246300559026636,1.0,1.0
RandomForest,0.1252877342979283,1.0,1.0
RandomForest,0.1262742518908254,1.0,1.0
RandomForest,0.12726076948372245,1.0,1.0
RandomForest,0.12857612627425188,1.0,1.0
RandomForest,0.12890496547188424,1.0,1.0
RandomForest,0.12989148306478132,1.0,1.0
RandomForest,0.13054916146004603,1.0,1.0
RandomForest,0.13186451825057546,1.0,1.0
RandomForest,0.1325221966458402,1.0,1.0
RandomForest,0.13350871423873725,1.0,1.0
RandomForest,0.13449523183163434,1.0,1.0
RandomForest,0.1354817494245314,1.0,1.0
RandomForest,0.13679710621506083,1.0,1.0
RandomForest,0.13811246300559027,1.0,1.0
RandomForest,0.13877014140085497,1.0,1.0
RandomForest,0.1394278197961197,1.0,1.0
RandomForest,0.14041433738901676,1.0,1.0
RandomForest,0.1410720157842815,1.0,1.0
RandomForest,0.1417296941795462,1.0,1.0
RandomForest,0.1423873725748109,1.0,1.0
RandomForest,0.14271621177244329,1.0,1.0
RandomForest,0.143373890167708,1.0,1.0
RandomForest,0.14436040776060508,1.0,1.0
RandomForest,0.14534692535350213,1.0,1.0
RandomForest,0.14764879973692865,1.0,1.0
RandomForest,0.14896415652745806,1.0,1.0
RandomForest,0.14929299572509044,1.0,1.0
RandomForest,0.14995067412035515,1.0,1.0
RandomForest,0.15060835251561985,1.0,1.0
RandomForest,0.15126603091088459,1.0,1.0
RandomForest,0.15323906609667873,1.0,1.0
RandomForest,0.15356790529431108,1.0,1.0
RandomForest,0.15422558368957578,1.0,1.0
RandomForest,0.1581716540611641,1.0,1.0
RandomForest,0.15981585004932589,1.0,1.0
RandomForest,0.16113120683985532,1.0,1.0
RandomForest,0.16343308122328182,1.0,1.0
RandomForest,0.1644195988161789,1.0,1.0
RandomForest,0.1657349556067083,1.0,1.0
RandomForest,0.16639263400197304,1.0,1.0
RandomForest,0.1667214731996054,1.0,1.0
RandomForest,0.17198290036172312,1.0,1.0
RandomForest,0.17625780993094378,1.0,1.0
RandomForest,0.17658664912857613,1.0,1.0
RandomForest,0.17790200591910554,1.0,1.0
RandomForest,0.17855968431437028,1.0,1.0
RandomForest,0.17888852351200263,1.0,1.0
RandomForest,0.18053271950016442,1.0,1.0
RandomForest,0.18184807629069386,1.0,1.0
RandomForest,0.18513646826701743,1.0,1.0
RandomForest,0.1854653074646498,1.0,1.0
RandomForest,0.193028609010194,1.0,1.0
RandomForest,0.1940151266030911,1.0,1.0
RandomForest,0.1946728049983558,1.0,1.0
RandomForest,0.19631700098651758,1.0,1.0
RandomForest,0.19664584018414996,1.0,1.0
RandomForest,0.1986188753699441,1.0,1.0
RandomForest,0.19894771456757646,1.0,1.0
RandomForest,0.20157842814863533,1.0,1.0
RandomForest,0.20190726734626768,1.0,1.0
RandomForest,0.20355146333442947,1.0,1.0
RandomForest,0.20486682012495888,1.0,1.0
RandomForest,0.20552449852022361,1.0,1.0
RandomForest,0.20651101611312067,1.0,1.0
RandomForest,0.2078263729036501,1.0,1.0
RandomForest,0.20848405129891484,1.0,1.0
RandomForest,0.20979940808944425,1.0,1.0
RandomForest,0.21045708648470898,1.0,1.0
RandomForest,0.21144360407760604,1.0,1.0
RandomForest,0.21210128247287077,1.0,1.0
RandomForest,0.21275896086813548,1.0,1.0
RandomForest,0.21604735284445906,1.0,1.0
RandomForest,0.2167050312397238,1.0,1.0
RandomForest,0.21834922722788555,1.0,1.0
RandomForest,0.2219664584018415,1.0,1.0
RandomForest,0.22295297599473857,1.0,1.0
RandomForest,0.22328181519237092,1.0,1.0
RandomForest,0.22393949358763565,1.0,1.0
RandomForest,0.224268332785268,1.0,1.0
RandomForest,0.22558368957579744,1.0,1.0
RandomForest,0.22887208155212102,1.0,1.0
RandomForest,0.23018743834265046,1.0,1.0
RandomForest,0.23084511673791516,1.0,1.0
RandomForest,0.23479118710950345,1.0,1.0
RandomForest,0.23643538309766524,1.0,1.0
RandomForest,0.23775073988819467,1.0,1.0
RandomForest,0.23840841828345938,1.0,1.0
RandomForest,0.23972377507398882,1.0,1.0
RandomForest,0.24005261427162117,1.0,1.0
RandomForest,0.2413679710621506,1.0,1.0
RandomForest,0.24169681025978296,1.0,1.0
RandomForest,0.2423544886550477,1.0,1.0
RandomForest,0.24334100624794475,1.0,1.0
RandomForest,0.24399868464320948,1.0,1.0
RandomForest,0.24465636303847418,1.0,1.0
RandomForest,0.24597171982900362,1.0,1.0
RandomForest,0.24630055902663597,1.0,1.0
RandomForest,0.24695823742190068,1.0,1.0
RandomForest,0.2476159158171654,1.0,1.0
RandomForest,0.24827359421243012,1.0,1.0
RandomForest,0.24893127260769485,1.0,1.0
RandomForest,0.24958895100295955,1.0,1.0
RandomForest,0.2522196645840184,1.0,1.0
RandomForest,0.2528773429792831,1.0,1.0
RandomForest,0.25517921736270965,1.0,1.0
RandomForest,0.25682341335087144,1.0,1.0
RandomForest,0.2578099309437685,1.0,1.0
RandomForest,0.25945412693193026,1.0,1.0
RandomForest,0.260111805327195,1.0,1.0
RandomForest,0.26109832292009205,1.0,1.0
RandomForest,0.2617560013153568,1.0,1.0
RandomForest,0.2634001973035186,1.0,1.0
RandomForest,0.26438671489641563,1.0,1.0
RandomForest,0.2650443932916804,1.0,1.0
RandomForest,0.2657020716869451,1.0,1.0
RandomForest,0.2663597500822098,1.0,1.0
RandomForest,0.2709634988490628,1.0,1.0
RandomForest,0.27162117724432755,1.0,1.0
RandomForest,0.27227885563959225,1.0,1.0
RandomForest,0.27293653403485696,1.0,1.0
RandomForest,0.27425189082538637,1.0,1.0
RandomForest,0.27458073002301875,1.0,1.0
RandomForest,0.27556724761591583,1.0,1.0
RandomForest,0.27622492601118054,1.0,1.0
RandomForest,0.27786912199934233,1.0,1.0
RandomForest,0.27918447878987174,1.0,1.0
RandomForest,0.2801709963827688,1.0,1.0
RandomForest,0.2818151923709306,1.0,1.0
RandomForest,0.2824728707661953,1.0,1.0
RandomForest,0.2857612627425189,1.0,1.0
RandomForest,0.28839197632357777,1.0,1.0
RandomForest,0.2890496547188425,1.0,1.0
RandomForest,0.29003617231173956,1.0,1.0
RandomForest,0.29200920749753373,1.0,1.0
RandomForest,0.29266688589279843,1.0,1.0
RandomForest,0.29299572509043076,1.0,1.0
RandomForest,0.2943110818809602,1.0,1.0
RandomForest,0.2966129562643867,1.0,1.0
RandomForest,0.2982571522525485,1.0,1.0
RandomForest,0.2985859914501809,1.0,1.0
RandomForest,0.2992436698454456,1.0,1.0
RandomForest,0.2999013482407103,1.0,1.0
RandomForest,0.3012167050312397,1.0,1.0
RandomForest,0.30187438342650447,1.0,1.0
RandomForest,0.30253206182176917,1.0,1.0
RandomForest,0.30417625780993096,1.0,1.0
RandomForest,0.30713581058862216,1.0,1.0
RandomForest,0.30746464978625454,1.0,1.0
RandomForest,0.30845116737915157,1.0,1.0
RandomForest,0.30878000657678395,1.0,1.0
RandomForest,0.30943768497204865,1.0,1.0
RandomForest,0.31009536336731336,1.0,1.0
RandomForest,0.3107530417625781,1.0,1.0
RandomForest,0.31108188096021044,1.0,1.0
RandomForest,0.3123972377507399,1.0,1.0
RandomForest,0.3130549161460046,1.0,1.0
RandomForest,0.3137125945412693,1.0,1.0
RandomForest,0.3153567905294311,1.0,1.0
RandomForest,0.3156856297270635,1.0,1.0
RandomForest,0.3163433081223282,1.0,1.0
RandomForest,0.3166721473199605,1.0,1.0
RandomForest,0.3186451825057547,1.0,1.0
RandomForest,0.3193028609010194,1.0,1.0
RandomForest,0.32193357448207827,1.0,1.0
RandomForest,0.32686616244656364,1.0,1.0
RandomForest,0.32818151923709304,1.0,1.0
RandomForest,0.3288391976323578,1.0,1.0
RandomForest,0.33048339362051954,1.0,1.0
RandomForest,0.3314699112134166,1.0,1.0
RandomForest,0.33212758960868133,1.0,1.0
RandomForest,0.3367313383755344,1.0,1.0
RandomForest,0.3370601775731667,1.0,1.0
RandomForest,0.3380466951660638,1.0,1.0
RandomForest,0.3387043735613285,1.0,1.0
RandomForest,0.33936205195659325,1.0,1.0
RandomForest,0.33969089115422557,1.0,1.0
RandomForest,0.3403485695494903,1.0,1.0
RandomForest,0.34067740874712266,1.0,1.0
RandomForest,0.3442946399210786,1.0,1.0
RandomForest,0.34626767510687273,1.0,1.0
RandomForest,0.3472541926997698,1.0,1.0
RandomForest,0.3505425846760934,1.0,1.0
RandomForest,0.3515291022689905,1.0,1.0
RandomForest,0.35251561986188756,1.0,1.0
RandomForest,0.35415981585004935,1.0,1.0
RandomForest,0.3544886550476817,1.0,1.0
RandomForest,0.35777704702400526,1.0,1.0
RandomForest,0.35810588622163764,1.0,1.0
RandomForest,0.35942124301216705,1.0,1.0
RandomForest,0.3597500822097994,1.0,1.0
RandomForest,0.36106543900032884,1.0,1.0
RandomForest,0.3620519565932259,1.0,1.0
RandomForest,0.363038474186123,1.0,1.0
RandomForest,0.3659980269648142,1.0,1.0
RandomForest,0.3666557053600789,1.0,1.0
RandomForest,0.3686287405458731,1.0,1.0
RandomForest,0.36961525813877016,1.0,1.0
RandomForest,0.37027293653403487,1.0,1.0
RandomForest,0.3706017757316672,1.0,1.0
RandomForest,0.372245971719829,1.0,1.0
RandomForest,0.37257481091746136,1.0,1.0
RandomForest,0.37454784610325553,1.0,1.0
RandomForest,0.37520552449852024,1.0,1.0
RandomForest,0.37652088128904965,1.0,1.0
RandomForest,0.3784939164748438,1.0,1.0
RandomForest,0.3798092732653732,1.0,1.0
RandomForest,0.38046695166063793,1.0,1.0
RandomForest,0.3817823084511674,1.0,1.0
RandomForest,0.3821111476487997,1.0,1.0
RandomForest,0.39131864518250575,1.0,1.0
RandomForest,0.3932916803682999,1.0,1.0
RandomForest,0.3939493587635646,1.0,1.0
RandomForest,0.3969089115422558,1.0,1.0
RandomForest,0.39756658993752053,1.0,1.0
RandomForest,0.3985531075304176,1.0,1.0
RandomForest,0.4001973035185794,1.0,1.0
RandomForest,0.4011838211114765,1.0,1.0
RandomForest,0.40151266030910887,1.0,1.0
RandomForest,0.4021703387043736,1.0,1.0
RandomForest,0.4024991779020059,1.0,1.0
RandomForest,0.40315685629727066,1.0,1.0
RandomForest,0.40480105228543245,1.0,1.0
RandomForest,0.40545873068069715,1.0,1.0
RandomForest,0.40644524827359424,1.0,1.0
RandomForest,0.40776060506412365,1.0,1.0
RandomForest,0.40907596185465306,1.0,1.0
RandomForest,0.4133508714238737,1.0,1.0
RandomForest,0.41466622821440313,1.0,1.0
RandomForest,0.4149950674120355,1.0,1.0
RandomForest,0.4159815850049326,1.0,1.0
RandomForest,0.4166392634001973,1.0,1.0
RandomForest,0.4169681025978297,1.0,1.0
RandomForest,0.4176257809930944,1.0,1.0
RandomForest,0.4182834593883591,1.0,1.0
RandomForest,0.4189411377836238,1.0,1.0
RandomForest,0.4199276553765209,1.0,1.0
RandomForest,0.42025649457415326,1.0,1.0
RandomForest,0.42157185136468267,1.0,1.0
RandomForest,0.4222295297599474,1.0,1.0
RandomForest,0.4228872081552121,1.0,1.0
RandomForest,0.42551792173627095,1.0,1.0
RandomForest,0.42584676093390333,1.0,1.0
RandomForest,0.4268332785268004,1.0,1.0
RandomForest,0.4274909569220651,1.0,1.0
RandomForest,0.42781979611969745,1.0,1.0
RandomForest,0.4284774745149622,1.0,1.0
RandomForest,0.42946399210785924,1.0,1.0
RandomForest,0.4297928313054916,1.0,1.0
RandomForest,0.4307793488983887,1.0,1.0
RandomForest,0.4327523840841828,1.0,1.0
RandomForest,0.4340677408747123,1.0,1.0
RandomForest,0.4343965800723446,1.0,1.0
RandomForest,0.4353830976652417,1.0,1.0
RandomForest,0.43571193686287407,1.0,1.0
RandomForest,0.4370272936534035,1.0,1.0
RandomForest,0.43735613285103586,1.0,1.0
RandomForest,0.4383426504439329,1.0,1.0
RandomForest,0.4399868464320947,1.0,1.0
RandomForest,0.44031568562972706,1.0,1.0
RandomForest,0.44130220322262415,1.0,1.0
RandomForest,0.44163104242025647,1.0,1.0
RandomForest,0.44261756001315355,1.0,1.0
RandomForest,0.44294639921078593,1.0,1.0
RandomForest,0.44360407760605064,1.0,1.0
RandomForest,0.44426175600131534,1.0,1.0
RandomForest,0.44491943439658005,1.0,1.0
RandomForest,0.44524827359421243,1.0,1.0
RandomForest,0.4462347911871095,1.0,1.0
RandomForest,0.4468924695823742,1.0,1.0
RandomForest,0.4478789871752713,1.0,1.0
RandomForest,0.4488655047681684,1.0,1.0
RandomForest,0.4495231831634331,1.0,1.0
RandomForest,0.4511673791515949,1.0,1.0
RandomForest,0.4518250575468596,1.0,1.0
RandomForest,0.453140414337389,1.0,1.0
RandomForest,0.4534692535350214,1.0,1.0
RandomForest,0.45708648470897734,1.0,1.0
RandomForest,0.4587306806971391,1.0,1.0
RandomForest,0.46136139427819794,1.0,1.0
RandomForest,0.46234791187109503,1.0,1.0
RandomForest,0.4626767510687274,1.0,1.0
RandomForest,0.4712265702071687,1.0,1.0
RandomForest,0.47254192699769815,1.0,1.0
RandomForest,0.4735284445905952,1.0,1.0
RandomForest,0.47385728378822756,1.0,1.0
RandomForest,0.47517264057875697,1.0,1.0
RandomForest,0.47615915817165405,1.0,1.0
RandomForest,0.47714567576455114,1.0,1.0
RandomForest,0.48010522854324233,1.0,1.0
RandomForest,0.4814205853337718,1.0,1.0
RandomForest,0.4827359421243012,1.0,1.0
RandomForest,0.4873396908911542,1.0,1.0
RandomForest,0.4876685300887866,1.0,1.0
RandomForest,0.48865504768168366,1.0,1.0
RandomForest,0.488983886879316,1.0,1.0
RandomForest,0.4899704044722131,1.0,1.0
RandomForest,0.49128576126274254,1.0,1.0
RandomForest,0.49424531404143374,1.0,1.0
RandomForest,0.49556067083196315,1.0,1.0
RandomForest,0.4962183492272279,1.0,1.0
RandomForest,0.498191384413022,1.0,1.0
RandomForest,0.4988490628082867,1.0,1.0
RandomForest,0.4995067412035515,1.0,1.0
RandomForest,0.5001644195988162,1.0,1.0
RandomForest,0.5037816507727721,1.0,1.0
RandomForest,0.5041104899704044,1.0,1.0
RandomForest,0.5047681683656692,1.0,1.0
RandomForest,0.5054258467609339,1.0,1.0
RandomForest,0.5070700427490957,1.0,1.0
RandomForest,0.5080565603419928,1.0,1.0
RandomForest,0.5097007563301545,1.0,1.0
RandomForest,0.5100295955277869,1.0,1.0
RandomForest,0.5139756658993752,1.0,1.0
RandomForest,0.5143045050970075,1.0,1.0
RandomForest,0.5162775402828017,1.0,1.0
RandomForest,0.5182505754685959,1.0,1.0
RandomForest,0.5185794146662283,1.0,1.0
RandomForest,0.5198947714567577,1.0,1.0
RandomForest,0.52022361065439,1.0,1.0
RandomForest,0.5212101282472871,1.0,1.0
RandomForest,0.5221966458401841,1.0,1.0
RandomForest,0.5228543242354489,1.0,1.0
RandomForest,0.5231831634330812,1.0,1.0
RandomForest,0.5277869121999342,1.0,1.0
RandomForest,0.5287734297928313,1.0,1.0
RandomForest,0.530417625780993,1.0,1.0
RandomForest,0.5310753041762578,1.0,1.0
RandomForest,0.5320618217691548,1.0,1.0
RandomForest,0.533048339362052,1.0,1.0
RandomForest,0.5333771785596844,1.0,1.0
RandomForest,0.5350213745478462,1.0,1.0
RandomForest,0.5402828017099638,1.0,1.0
RandomForest,0.5409404801052285,1.0,1.0
RandomForest,0.5415981585004933,1.0,1.0
RandomForest,0.5419269976981256,1.0,1.0
RandomForest,0.5425846760933903,1.0,1.0
RandomForest,0.5445577112791845,1.0,1.0
RandomForest,0.5462019072673463,1.0,1.0
RandomForest,0.546859585662611,1.0,1.0
RandomForest,0.5531075304176257,1.0,1.0
RandomForest,0.5550805656034199,1.0,1.0
RandomForest,0.556067083196317,1.0,1.0
RandomForest,0.5567247615915817,1.0,1.0
RandomForest,0.5570536007892141,1.0,1.0
RandomForest,0.5577112791844788,1.0,1.0
RandomForest,0.5600131535679053,1.0,1.0
RandomForest,0.56067083196317,1.0,1.0
RandomForest,0.561657349556067,1.0,1.0
RandomForest,0.5636303847418612,1.0,1.0
RandomForest,0.565274580730023,1.0,1.0
RandomForest,0.5672476159158172,1.0,1.0
RandomForest,0.5675764551134496,1.0,1.0
RandomForest,0.569878329496876,1.0,1.0
RandomForest,0.5715225254850378,1.0,1.0
RandomForest,0.5731667214731996,1.0,1.0
RandomForest,0.5738243998684643,1.0,1.0
RandomForest,0.5751397566589938,1.0,1.0
RandomForest,0.5761262742518908,1.0,1.0
RandomForest,0.5767839526471555,1.0,1.0
RandomForest,0.5774416310424203,1.0,1.0
RandomForest,0.578099309437685,1.0,1.0
RandomForest,0.5787569878329497,1.0,1.0
RandomForest,0.5804011838211115,1.0,1.0
RandomForest,0.5810588622163761,1.0,1.0
RandomForest,0.5813877014140085,1.0,1.0
RandomForest,0.5827030582045379,1.0,1.0
RandomForest,0.5846760933903321,1.0,1.0
RandomForest,0.5853337717855969,1.0,1.0
RandomForest,0.5863202893784939,1.0,1.0
RandomForest,0.5866491285761263,1.0,1.0
RandomForest,0.5876356461690233,1.0,1.0
RandomForest,0.5886221637619204,1.0,1.0
RandomForest,0.5899375205524499,1.0,1.0
RandomForest,0.5909240381453469,1.0,1.0
RandomForest,0.5922393949358764,1.0,1.0
RandomForest,0.5928970733311411,1.0,1.0
RandomForest,0.600131535679053,1.0,1.0
RandomForest,0.6004603748766854,1.0,1.0
RandomForest,0.6014468924695824,1.0,1.0
RandomForest,0.6017757316672148,1.0,1.0
RandomForest,0.6034199276553766,1.0,1.0
RandomForest,0.6040776060506412,1.0,1.0
RandomForest,0.605721802038803,1.0,1.0
RandomForest,0.6067083196317001,1.0,1.0
RandomForest,0.6076948372245972,1.0,1.0
RandomForest,0.6083525156198619,1.0,1.0
RandomForest,0.6096678724103913,1.0,1.0
RandomForest,0.6099967116080237,1.0,1.0
RandomForest,0.6188753699440973,1.0,1.0
RandomForest,0.6215060835251562,1.0,1.0
RandomForest,0.6228214403156856,1.0,1.0
RandomForest,0.6234791187109503,1.0,1.0
RandomForest,0.6241367971062151,1.0,1.0
RandomForest,0.6254521538967445,1.0,1.0
RandomForest,0.6261098322920092,1.0,1.0
RandomForest,0.628740545873068,1.0,1.0
RandomForest,0.6293982242683328,1.0,1.0
RandomForest,0.6297270634659652,1.0,1.0
RandomForest,0.6330154554422888,1.0,1.0
RandomForest,0.633344294639921,1.0,1.0
RandomForest,0.6441959881617889,1.0,1.0
RandomForest,0.6448536665570536,1.0,1.0
RandomForest,0.6474843801381125,1.0,1.0
RandomForest,0.6481420585333771,1.0,1.0
RandomForest,0.6494574153239067,1.0,1.0
RandomForest,0.6504439329168037,1.0,1.0
RandomForest,0.6507727721144361,1.0,1.0
RandomForest,0.6514304505097007,1.0,1.0
RandomForest,0.6550476816836567,1.0,1.0
RandomForest,0.6563630384741861,1.0,1.0
RandomForest,0.6570207168694508,1.0,1.0
RandomForest,0.6583360736599803,1.0,1.0
RandomForest,0.6596514304505097,1.0,1.0
RandomForest,0.6603091088457744,1.0,1.0
RandomForest,0.6609667872410391,1.0,1.0
RandomForest,0.6616244656363038,1.0,1.0
RandomForest,0.6629398224268332,1.0,1.0
RandomForest,0.6632686616244656,1.0,1.0
RandomForest,0.6652416968102598,1.0,1.0
RandomForest,0.6658993752055244,1.0,1.0
RandomForest,0.6665570536007892,1.0,1.0
RandomForest,0.667214731996054,1.0,1.0
RandomForest,0.6675435711936862,1.0,1.0
RandomForest,0.6701742847747452,1.0,1.0
RandomForest,0.6734626767510687,1.0,1.0
RandomForest,0.6741203551463334,1.0,1.0
RandomForest,0.6747780335415982,1.0,1.0
RandomForest,0.6767510687273923,1.0,1.0
RandomForest,0.6770799079250247,1.0,1.0
RandomForest,0.6783952647155541,1.0,1.0
RandomForest,0.6823413350871423,1.0,1.0
RandomForest,0.6829990134824071,1.0,1.0
RandomForest,0.6833278526800395,1.0,1.0
RandomForest,0.6859585662610983,1.0,1.0
RandomForest,0.6899046366326866,1.0,1.0
RandomForest,0.6915488326208484,1.0,1.0
RandomForest,0.6922065110161131,1.0,1.0
RandomForest,0.6954949029924367,1.0,1.0
RandomForest,0.6961525813877014,1.0,1.0
RandomForest,0.6968102597829662,1.0,1.0
RandomForest,0.6987832949687602,1.0,1.0
RandomForest,0.6997698125616574,1.0,1.0
RandomForest,0.7000986517592898,1.0,1.0
RandomForest,0.7017428477474515,1.0,1.0
RandomForest,0.7109503452811575,1.0,1.0
RandomForest,0.7129233804669517,1.0,1.0
RandomForest,0.7139098980598487,1.0,1.0
RandomForest,0.7162117724432753,1.0,1.0
RandomForest,0.7175271292338047,1.0,1.0
RandomForest,0.7195001644195989,1.0,1.0
RandomForest,0.7333114107201578,1.0,1.0
RandomForest,0.7339690891154226,1.0,1.0
RandomForest,0.735284445905952,1.0,1.0
RandomForest,0.7385728378822756,1.0,1.0
RandomForest,0.739888194672805,1.0,1.0
RandomForest,0.7402170338704374,1.0,1.0
RandomForest,0.7408747122657021,1.0,1.0
RandomForest,0.7454784610325551,1.0,1.0
RandomForest,0.7467938178230845,1.0,1.0
RandomForest,0.7471226570207169,1.0,1.0
RandomForest,0.7494245314041433,1.0,1.0
RandomForest,0.7507398881946729,1.0,1.0
RandomForest,0.7520552449852023,1.0,1.0
RandomForest,0.753699440973364,1.0,1.0
RandomForest,0.7543571193686287,1.0,1.0
RandomForest,0.7563301545544229,1.0,1.0
RandomForest,0.75731667214732,1.0,1.0
RandomForest,0.7586320289378494,1.0,1.0
RandomForest,0.7602762249260112,1.0,1.0
RandomForest,0.7606050641236436,1.0,1.0
RandomForest,0.7622492601118054,1.0,1.0
RandomForest,0.7632357777047024,1.0,1.0
RandomForest,0.7754028280170996,1.0,1.0
RandomForest,0.7767181848076291,1.0,1.0
RandomForest,0.7777047024005261,1.0,1.0
RandomForest,0.780335415981585,1.0,1.0
RandomForest,0.7806642551792173,1.0,1.0
RandomForest,0.7819796119697467,1.0,1.0
RandomForest,0.7859256823413351,1.0,1.0
RandomForest,0.7865833607365998,1.0,1.0
RandomForest,0.7872410391318645,1.0,1.0
RandomForest,0.7885563959223939,1.0,1.0
RandomForest,0.7888852351200263,1.0,1.0
RandomForest,0.7898717527129234,1.0,1.0
RandomForest,0.7928313054916146,1.0,1.0
RandomForest,0.7951331798750411,1.0,1.0
RandomForest,0.7977638934561,1.0,1.0
RandomForest,0.798750411048997,1.0,1.0
RandomForest,0.7994080894442618,1.0,1.0
RandomForest,0.801381124630056,1.0,1.0
RandomForest,0.8020388030253206,1.0,1.0
RandomForest,0.8046695166063795,1.0,1.0
RandomForest,0.8053271950016442,1.0,1.0
RandomForest,0.8059848733969089,1.0,1.0
RandomForest,0.8063137125945413,1.0,1.0
RandomForest,0.806971390989806,1.0,1.0
RandomForest,0.8086155869779678,1.0,1.0
RandomForest,0.8155212101282473,1.0,1.0
RandomForest,0.816178888523512,1.0,1.0
RandomForest,0.8214403156856297,1.0,1.0
RandomForest,0.8217691548832621,1.0,1.0
RandomForest,0.8276882604406445,1.0,1.0
RandomForest,0.8280170996382769,1.0,1.0
RandomForest,0.8286747780335416,1.0,1.0
RandomForest,0.8306478132193358,1.0,1.0
RandomForest,0.830976652416968,1.0,1.0
RandomForest,0.8329496876027622,1.0,1.0
RandomForest,0.833607365998027,1.0,1.0
RandomForest,0.8339362051956594,1.0,1.0
RandomForest,0.8352515619861888,1.0,1.0
RandomForest,0.8365669187767182,1.0,1.0
RandomForest,0.8385399539625124,1.0,1.0
RandomForest,0.8411706675435712,1.0,1.0
RandomForest,0.8414995067412036,1.0,1.0
RandomForest,0.8434725419269977,1.0,1.0
RandomForest,0.8447878987175271,1.0,1.0
RandomForest,0.8467609339033213,1.0,1.0
RandomForest,0.8470897731009537,1.0,1.0
RandomForest,0.8487339690891155,1.0,1.0
RandomForest,0.8493916474843801,1.0,1.0
RandomForest,0.8510358434725419,1.0,1.0
RandomForest,0.8516935218678067,1.0,1.0
RandomForest,0.852022361065439,1.0,1.0
RandomForest,0.8530088786583361,1.0,1.0
RandomForest,0.8556395922393949,1.0,1.0
RandomForest,0.8559684314370273,1.0,1.0
RandomForest,0.8579414666228214,1.0,1.0
RandomForest,0.8589279842157185,1.0,1.0
RandomForest,0.860243341006248,1.0,1.0
RandomForest,0.8609010194015126,1.0,1.0
RandomForest,0.861229858599145,1.0,1.0
RandomForest,0.8641894113778362,1.0,1.0
RandomForest,0.8661624465636304,1.0,1.0
RandomForest,0.8664912857612628,1.0,1.0
RandomForest,0.8684643209470568,1.0,1.0
RandomForest,0.8691219993423216,1.0,1.0
RandomForest,0.870437356132851,1.0,1.0
RandomForest,0.8707661953304834,1.0,1.0
RandomForest,0.8717527129233804,1.0,1.0
RandomForest,0.8720815521210128,1.0,1.0
RandomForest,0.8730680697139099,1.0,1.0
RandomForest,0.874054587306807,1.0,1.0
RandomForest,0.875041104899704,1.0,1.0
RandomForest,0.8766853008878658,1.0,1.0
RandomForest,0.8776718184807629,1.0,1.0
RandomForest,0.8799736928641894,1.0,1.0
RandomForest,0.8803025320618217,1.0,1.0
RandomForest,0.8812890496547189,1.0,1.0
RandomForest,0.8819467280499835,1.0,1.0
RandomForest,0.8826044064452483,1.0,1.0
RandomForest,0.8832620848405129,1.0,1.0
RandomForest,0.8845774416310425,1.0,1.0
RandomForest,0.8855639592239395,1.0,1.0
RandomForest,0.8888523512002631,1.0,1.0
RandomForest,0.8901677079907925,1.0,1.0
RandomForest,0.8918119039789543,1.0,1.0
RandomForest,0.8921407431765866,1.0,1.0
RandomForest,0.8927984215718514,1.0,1.0
RandomForest,0.8941137783623808,1.0,1.0
RandomForest,0.8951002959552778,1.0,1.0
RandomForest,0.896086813548175,1.0,1.0
RandomForest,0.9010194015126604,1.0,1.0
RandomForest,0.901677079907925,1.0,1.0
RandomForest,0.9026635975008221,1.0,1.0
RandomForest,0.9036501150937192,1.0,1.0
RandomForest,0.905294311081881,1.0,1.0
RandomForest,0.9059519894771457,1.0,1.0
RandomForest,0.9069385070700428,1.0,1.0
RandomForest,0.9089115422558369,1.0,1.0
RandomForest,0.9112134166392634,1.0,1.0
RandomForest,0.9118710950345281,1.0,1.0
RandomForest,0.9128576126274252,1.0,1.0
RandomForest,0.9138441302203223,1.0,1.0
RandomForest,0.9151594870108517,1.0,1.0
RandomForest,0.9164748438013811,1.0,1.0
RandomForest,0.9204209141729695,1.0,1.0
RandomForest,0.9207497533706018,1.0,1.0
RandomForest,0.9214074317658665,1.0,1.0
RandomForest,0.9217362709634989,1.0,1.0
RandomForest,0.9233804669516607,1.0,1.0
RandomForest,0.9243669845445577,1.0,1.0
RandomForest,0.9256823413350871,1.0,1.0
RandomForest,0.9260111805327195,1.0,1.0
RandomForest,0.9266688589279842,1.0,1.0
RandomForest,0.9279842157185136,1.0,1.0
RandomForest,0.9289707333114107,1.0,1.0
RandomForest,0.9309437684972048,1.0,1.0
RandomForest,0.9316014468924696,1.0,1.0
RandomForest,0.9322591252877342,1.0,1.0
RandomForest,0.932916803682999,1.0,1.0
RandomForest,0.933903321275896,1.0,1.0
RandomForest,0.9342321604735284,1.0,1.0
RandomForest,0.9378493916474844,1.0,1.0
RandomForest,0.9385070700427491,1.0,1.0
RandomForest,0.9391647484380138,1.0,1.0
RandomForest,0.9424531404143374,1.0,1.0
RandomForest,0.9437684972048668,1.0,1.0
RandomForest,0.9444261756001315,1.0,1.0
RandomForest,0.9450838539953963,1.0,1.0
RandomForest,0.9473857283788227,1.0,1.0
RandomForest,0.9477145675764551,1.0,1.0
RandomForest,0.9493587635646169,1.0,1.0
RandomForest,0.9503452811575139,1.0,1.0
RandomForest,0.9510029595527787,1.0,1.0
RandomForest,0.9533048339362052,1.0,1.0
RandomForest,0.9552778691219993,1.0,1.0
RandomForest,0.9559355475172641,1.0,1.0
RandomForest,0.9565932259125288,1.0,1.0
RandomForest,0.9575797435054259,1.0,1.0
RandomForest,0.9582374219006906,1.0,1.0
RandomForest,0.95955277869122,1.0,1.0
RandomForest,0.9598816178888524,1.0,1.0
RandomForest,0.9608681354817494,1.0,1.0
RandomForest,0.9618546530746465,1.0,1.0
RandomForest,0.9625123314699112,1.0,1.0
RandomForest,0.9628411706675436,1.0,1.0
RandomForest,0.964156527458073,1.0,1.0
RandomForest,0.9648142058533378,1.0,1.0
RandomForest,0.96514304505097,1.0,1.0
RandomForest,0.9681025978296613,1.0,1.0
RandomForest,0.9697467938178231,1.0,1.0
RandomForest,0.9713909898059849,1.0,1.0
RandomForest,0.9740217033870437,1.0,1.0
RandomForest,0.9750082209799408,1.0,1.0
RandomForest,0.976981256165735,1.0,1.0
RandomForest,0.977967773758632,1.0,1.0
RandomForest,0.9786254521538967,1.0,1.0
RandomForest,0.9792831305491615,1.0,1.0
RandomForest,0.9805984873396909,1.0,1.0
RandomForest,0.9815850049325879,1.0,1.0
RandomForest,0.9825715225254851,1.0,1.0
RandomForest,0.9842157185136469,1.0,1.0
RandomForest,0.9848733969089115,1.0,1.0
RandomForest,0.9852022361065439,1.0,1.0
RandomForest,0.9868464320947057,1.0,1.0
RandomForest,0.9875041104899704,1.0,1.0
RandomForest,0.9884906280828675,1.0,1.0
RandomForest,0.9898059848733969,1.0,1.0
RandomForest,0.990792502466294,1.0,1.0
RandomForest,0.9911213416639263,1.0,1.0
RandomForest,0.991779020059191,1.0,1.0
RandomForest,0.9924366984544558,1.0,1.0
RandomForest,0.9930943768497205,1.0,1.0
RandomForest,0.9940808944426176,1.0,1.0
RandomForest,0.9947385728378823,1.0,1.0
RandomForest,0.9950674120355146,1.0,1.0
RandomForest,0.996382768826044,1.0,1.0
RandomForest,0.9973692864189412,1.0,1.0
RandomForest,0.9980269648142058,1.0,1.0
RandomForest,1.0,1.0,1.0
